-- Mock DB data for API tests
-- Note that instead of using the default autogenerated id, we're setting
-- the test account ids to values greater than JavaScript's MAX_SAFE_INTEGER,
-- to catch implicit conversions to Number that will cause issues in production.

INSERT INTO public.user ( id, name, email, issuer, public_address)
VALUES (10000000000000001, 'test-user', 'test@user.com', 'test-magic-issuer', 'test-magic');

INSERT INTO public.user ( id, name, email, issuer, public_address)
VALUES (10000000000000002, 'test-upload-user', 'test-upload@user.com', 'test-upload', 'test-upload');

INSERT INTO public.user ( id, name, email, issuer, public_address)
VALUES (10000000000000003, 'test-status-user', 'test-status@user.com', 'test-status', 'test-status');

INSERT INTO public.user ( id, name, email, issuer, public_address)
VALUES (10000000000000004, 'test-pinning-user', 'test-pinning@user.com', 'test-pinning', 'test-pinning');

INSERT INTO public.user ( id, name, email, issuer, public_address)
VALUES (10000000000000005, 'test-pinning-2-user', 'test-pinning2@user.com', 'test-pinning-2', 'test-pinning-2');

INSERT INTO public.user ( id, name, email, issuer, public_address)
VALUES (10000000000000006, 'test-pinning-and-restriction-user', 'test-pinning-and-restriction@user.com', 'test-pinning-and-restriction', 'test-pinning-and-restriction');

INSERT INTO public.user (id, name, email, issuer, public_address)
VALUES (10000000000000007, 'test-restricted-user', 'test-restriction@user.com', 'test-restriction', 'test-restriction');

INSERT INTO auth_key (id, name, secret, user_id)
VALUES (
  1, 
  'test-key', 
  'eyJhbGciOiJIUzI1NiIsInR5cCI6IkpXVCJ9.eyJzdWIiOiJ0ZXN0LW1hZ2ljLWlzc3VlciIsImlzcyI6IndlYjMtc3RvcmFnZSIsImlhdCI6MTYzMzk1NzM4OTg3MiwibmFtZSI6InRlc3QtbWFnaWMtaXNzdWVyIn0.p2nD1Q4X4Z6DtJ0vxk35hhZOqSPVymhN5uyXrXth1zs',
  10000000000000001
);

-- Used for testing with DANGEROUSLY_BYPASS_MAGIC_AUTH
INSERT INTO auth_key (id, name, secret, user_id)
VALUES (
  2, 
  'test-magic-key',
  'eyJhbGciOiJIUzI1NiIsInR5cCI6IkpXVCJ9.eyJzdWIiOiJ0ZXN0LW1hZ2ljLWlzc3VlciIsImlzcyI6IndlYjMtc3RvcmFnZSIsImlhdCI6MTYzMzk1NzM4OTg3MiwibmFtZSI6InRlc3QtbWFnaWMtaXNzdWVyIn0.p2nD1Q4X4Z6DtJ0vxk35hhZOqSPVymhN5uyXrXth1zs', 
  10000000000000001
);

INSERT INTO auth_key (id, name, secret, user_id)
VALUES (
  3, 
  'test-upload-key', 
  'eyJhbGciOiJIUzI1NiIsInR5cCI6IkpXVCJ9.eyJzdWIiOiJ0ZXN0LXVwbG9hZCIsImlzcyI6IndlYjMtc3RvcmFnZSIsImlhdCI6MTYzMzk1NzM4OTg3MiwibmFtZSI6InRlc3QtdXBsb2FkIn0.K30NZxNOTUdJ0u-2dRGbZYXu2A2-TqcNdRV-G1HkKnI', 
  10000000000000002
);

-- Used to test pinning
INSERT INTO auth_key (id, name, secret, user_id)
VALUES (
  4, 
  'test-pinning', 
  'eyJhbGciOiJIUzI1NiIsInR5cCI6IkpXVCJ9.eyJzdWIiOiJ0ZXN0LXBpbm5pbmciLCJpc3MiOiJ3ZWIzLXN0b3JhZ2UiLCJpYXQiOjE2MzM5NTczODk4NzIsIm5hbWUiOiJ0ZXN0LXBpbm5pbmcifQ.li8kWohG90P8TdsKL_dUStJb2f6-43G98uZsLrVEaho', 
  10000000000000004
);
INSERT INTO auth_key (id, name, secret, user_id)
VALUES (5,
  'test-pinning-2', 
  'eyJhbGciOiJIUzI1NiIsInR5cCI6IkpXVCJ9.eyJzdWIiOiJ0ZXN0LXBpbm5pbmctMiIsImlzcyI6IndlYjMtc3RvcmFnZSIsImlhdCI6MTYzMzk1NzM4OTg3MiwibmFtZSI6InRlc3QtcGlubmluZy0yIn0.B0lwP5T2KLP0D1XGvz_f7AJcJ_j65NPN3BsxZ4Io2-g', 
  10000000000000005
);

-- Used to test account restriction
INSERT INTO auth_key (id, name, secret, user_id)
VALUES  (6, 'test-pinning-and-restriction', 'eyJhbGciOiJIUzI1NiIsInR5cCI6IkpXVCJ9.eyJzdWIiOiJ0ZXN0LXBpbm5pbmctYW5kLXJlc3RyaWN0aW9uIiwiaXNzIjoid2ViMy1zdG9yYWdlIiwiaWF0IjoxNjMzOTU3Mzg5ODcyLCJuYW1lIjoidGVzdC1waW5uaW5nLWFuZC1yZXN0cmljdGlvbiJ9.L2SCQ7C-gDm840m2l2shE-0HqiTwnWDXCwHjpT61msk', 10000000000000006),
        (7, 'test-restriction', 'eyJhbGciOiJIUzI1NiIsInR5cCI6IkpXVCJ9.eyJzdWIiOiJ0ZXN0LXJlc3RyaWN0aW9uIiwiaXNzIjoid2ViMy1zdG9yYWdlIiwiaWF0IjoxNjMzOTU3Mzg5ODcyLCJuYW1lIjoidGVzdC1yZXN0cmljdGlvbiJ9.uAklG7dHOxRD85c564RBcBqeFGUGNBper7VLaXBGnFg', 10000000000000007);

-- Used to test pinning from an existing user with a different token
INSERT INTO auth_key (id, name, secret, user_id, deleted_at)
VALUES (8, 'test-pinning-b', 'eyJhbGciOiJIUzI1NiIsInR5cCI6IkpXVCJ9.eyJzdWIiOiJ0ZXN0LXBpbm5pbmctYiIsImlzcyI6IndlYjMtc3RvcmFnZSIsImlhdCI6MTYzMzk1NzM4OTg3MiwibmFtZSI6InRlc3QtcGlubmluZy1iIn0.B2qeE5mHW93saJx-Nu8p8Io_z7_3VRaHoBAVxPbCP5c', 10000000000000004, '2021-07-14T19:27:14.934572+00:00');

-- Reset the primary key next value
SELECT pg_catalog.setval(pg_get_serial_sequence('auth_key', 'id'), MAX(id)) FROM auth_key;
SELECT pg_catalog.setval(pg_get_serial_sequence('public.user', 'id'), MAX(id)) FROM public.user;

-- /user route data testing
INSERT INTO content (cid)
VALUES ('bafkreigpimx5kl6thyfysh2witvbo5nexvu3q3uc3y65rj5sr5czcc7wae'),
       ('bafybeigc4fntpegrqzgzhxyc7hzu25ykqqai7nzllov2jn55wvzjju7pwu'),
       ('bafkreiajkbmpugz75eg2tmocmp3e33sg5kuyq2amzngslahgn6ltmqxxfa');
INSERT INTO upload (user_id, content_cid, source_cid, type, name, inserted_at, updated_at)
VALUES (10000000000000001, 'bafkreigpimx5kl6thyfysh2witvbo5nexvu3q3uc3y65rj5sr5czcc7wae', 'bafkreigpimx5kl6thyfysh2witvbo5nexvu3q3uc3y65rj5sr5czcc7wae', 'Car', 'Upload at 2021-07-09T16:20:32.658Z', '2021-07-09T16:20:33.946845Z', '2021-07-09T16:20:33.946845Z'),
       (10000000000000001, 'bafybeigc4fntpegrqzgzhxyc7hzu25ykqqai7nzllov2jn55wvzjju7pwu', 'bafybeigc4fntpegrqzgzhxyc7hzu25ykqqai7nzllov2jn55wvzjju7pwu', 'Car', 'week-in-web3-2021-07-02.mov', '2021-07-09T10:40:35.408884Z', '2021-07-09T10:40:35.408884Z'),
       (10000000000000001, 'bafkreiajkbmpugz75eg2tmocmp3e33sg5kuyq2amzngslahgn6ltmqxxfa', 'bafkreiajkbmpugz75eg2tmocmp3e33sg5kuyq2amzngslahgn6ltmqxxfa', 'Car', 'pinpie.jpg', '2021-07-09T10:36:05.862862Z', '2021-07-09T10:36:05.862862Z');

-- /status route data testing
INSERT INTO content (cid, dag_size, inserted_at)
VALUES ('bafybeifnfkzjeohjf2dch2iqqpef3bfjylwxlcjws2msvdfyze5bvdprfm', 1000, '2021-07-14T19:27:14.934572Z'),
       ('bafybeica6klnrhlrbx6z24icefykpbwyypouglnypvnwb5esdm6yzcie3q', 2000, '2021-07-14T19:27:14.934572Z'),
       ('bafybeiaiipiibr7aletbbrzmpklw4l5go6sodl22xs6qtcqo3lqogfogy4', 30000, '2021-07-14T19:27:14.934572Z');

INSERT INTO upload (user_id, content_cid, source_cid, type, name, inserted_at, updated_at)
VALUES (10000000000000003, 'bafybeifnfkzjeohjf2dch2iqqpef3bfjylwxlcjws2msvdfyze5bvdprfm', 'bafybeifnfkzjeohjf2dch2iqqpef3bfjylwxlcjws2msvdfyze5bvdprfm', 'Car', 'image.jpeg', '2021-07-14T19:27:14.934572Z', '2021-07-14T19:27:14.934572Z'),
       (10000000000000003, 'bafybeica6klnrhlrbx6z24icefykpbwyypouglnypvnwb5esdm6yzcie3q', 'bafybeica6klnrhlrbx6z24icefykpbwyypouglnypvnwb5esdm6yzcie3q', 'Car', 'image.webp', '2021-07-14T19:27:14.934572Z', '2021-07-14T19:27:14.934572Z'),
       (10000000000000003, 'bafybeiaiipiibr7aletbbrzmpklw4l5go6sodl22xs6qtcqo3lqogfogy4', 'bafybeiaiipiibr7aletbbrzmpklw4l5go6sodl22xs6qtcqo3lqogfogy4', 'Car', 'image.jpg', '2021-07-14T19:27:14.934572Z', '2021-07-14T19:27:14.934572Z'),
       (10000000000000001, 'bafybeica6klnrhlrbx6z24icefykpbwyypouglnypvnwb5esdm6yzcie3q', 'bafybeica6klnrhlrbx6z24icefykpbwyypouglnypvnwb5esdm6yzcie3q', 'Car', 'image.webp', '2021-07-14T19:27:14.934572Z', '2021-07-14T19:27:14.934572Z'),
       (10000000000000001, 'bafybeiaiipiibr7aletbbrzmpklw4l5go6sodl22xs6qtcqo3lqogfogy4', 'bafybeiaiipiibr7aletbbrzmpklw4l5go6sodl22xs6qtcqo3lqogfogy4', 'Car', 'image.jpg', '2021-07-14T19:27:14.934572Z', '2021-07-14T19:27:14.934572Z')
       ;

INSERT INTO pin_location (peer_id, peer_name, ipfs_peer_id, region)
VALUES ('12D3KooEL1Jc', 'who?', '12D3KooWR1Js', 'where?'),
       ('12D3KooEL1Jd', 'whoTwo?', '12D3KooWR1Jd', 'whereTwo?');

INSERT INTO pin (status, content_cid, pin_location_id, inserted_at, updated_at)
VALUES ('Pinned', 'bafybeifnfkzjeohjf2dch2iqqpef3bfjylwxlcjws2msvdfyze5bvdprfm', 1, '2021-07-14T19:27:14.934572+00:00', '2021-07-14T19:27:14.934572+00:00'),
       ('Pinned', 'bafybeica6klnrhlrbx6z24icefykpbwyypouglnypvnwb5esdm6yzcie3q', 1, '2021-07-14T19:27:14.934572+00:00', '2021-07-14T19:27:14.934572+00:00'),
       ('Pinned', 'bafybeiaiipiibr7aletbbrzmpklw4l5go6sodl22xs6qtcqo3lqogfogy4', 1, '2021-07-14T19:27:14.934572+00:00', '2021-07-14T19:27:14.934572+00:00');

INSERT INTO cargo.aggregate_entries (aggregate_cid, cid_v1, datamodel_selector) VALUES
('bafybeiek5gau46j4dxoyty27qtirb3iuoq7aax4l3xt25mfk2igyt35bme', 'bafybeifnfkzjeohjf2dch2iqqpef3bfjylwxlcjws2msvdfyze5bvdprfm', 'Links/0/Links'),
('bafybeiek5gau46j4dxoyty27qtirb3iuoq7aax4l3xt25mfk2igyt35bmf', 'bafybeica6klnrhlrbx6z24icefykpbwyypouglnypvnwb5esdm6yzcie3q', 'Links/0/Links');

INSERT INTO cargo.aggregates (aggregate_cid, piece_cid, sha256hex, export_size, metadata, entry_created) VALUES
('bafybeiek5gau46j4dxoyty27qtirb3iuoq7aax4l3xt25mfk2igyt35bme', 'bafybeidymjmzqihaz7oeiod3zyolzgcxwbum4b4nvo4aublm6quh6zb3ae', '9ad34a5221cc171dcc61c0862680634ca065c32972ab59f92626b7f2f18ca3fc', 25515304172, '{"Version": 1, "RecordType": "DagAggregate UnixFS"}', '2021-09-09 14:41:14.099613+00'),
('bafybeiek5gau46j4dxoyty27qtirb3iuoq7aax4l3xt25mfk2igyt35bmf', 'bafybeidymjmzqihaz7oeiod3zyolzgcxwbum4b4nvo4aublm6quh6zb5af', '9ad34a5221cc171dcc61c0862680634ca065c32972ab59f92626b7f2f18ca3fc', 25515304172, '{"Version": 1, "RecordType": "DagAggregate UnixFS"}', '2021-09-09 14:41:14.099613+00');

INSERT INTO cargo.deals (deal_id, aggregate_cid, client, provider, status, start_epoch, end_epoch, entry_created, entry_last_updated, status_meta, start_time, sector_start_epoch, sector_start_time, end_time) VALUES
(2424132, 'bafybeiek5gau46j4dxoyty27qtirb3iuoq7aax4l3xt25mfk2igyt35bme', 'f144zep4gitj73rrujd3jw6iprljicx6vl4wbeavi', 'f0678914', 'active', 1102102, 2570902, '2021-09-09 16:30:52.252233+00', '2021-09-10 00:45:50.408956+00', 'containing sector active as of 2021-09-10 00:36:30 at epoch 1097593', '2021-09-11 14:11:00+00', 1097593, '2021-09-10 00:36:30+00', '2023-02-03 14:11:00+00'),
(2424133, 'bafybeiek5gau46j4dxoyty27qtirb3iuoq7aax4l3xt25mfk2igyt35bmf', 'f144zep4gitj73rrujd3jw6iprljicx6vl4wbeavi', 'f0678914', 'queued', 1102102, 2570902, '2021-09-09 16:30:52.252233+00', '2021-09-10 00:45:50.408956+00', 'containing sector active as of 2021-09-10 00:36:30 at epoch 1097593', '2021-09-11 14:11:00+00', 1097593, '2021-09-10 00:36:30+00', '2023-02-03 14:11:00+00');

INSERT INTO user_tag (user_id, tag, value, reason, deleted_at)
VALUES  (10000000000000004, 'HasPsaAccess', true, 'test', null),
        (10000000000000005, 'HasPsaAccess', true, 'test', null),
        (10000000000000006, 'HasPsaAccess', true, 'test', null),
        (10000000000000005, 'HasAccountRestriction', true, 'Revoked access', '2021-07-14T19:27:14.934572+00:00'),
        (10000000000000005, 'HasAccountRestriction', false, 'Re-enabled access', null),
        (10000000000000006, 'HasAccountRestriction', true, 'Revoked access', null),
        (10000000000000007, 'HasAccountRestriction', true, 'Revoked access', null);

INSERT INTO content (cid, dag_size)
VALUES  ('bafybeid46f7zggioxjm5p2ze2l6s6wbqvoo4gzbdzfjtdosthmfyxdign4', 10000),
        ('bafybeig7yvw6a4uhio4pmg5gahyd2xumowkfljdukad7pmdsv5uk5zcseu', 20000),
        ('bafybeia45bscvzxngto555xsel4gwoclb5fxd7zpxige7rl3maoleznswu', 30000),
        ('bafybeidw7pc6nvm7u4rfhpctac4qgtpmwxapw4duugvsl3ppivvzibdlgy', 100),
        ('bafybeidrzt6t4k25qjeasydgi3fyh6ejos5x4d6tk2pdzxkb66bkomezy4', 200),
        ('bafybeifsrhq2qtkcgjt4gzi7rkafrv2gaai24ptt6rohe2ebqzydkz47sm', 400),
        ('bafybeiaqu6ijhfhwzjipwesbqf4myz6uczyigahib5joqbo5jw2xmjczfa', 500000),
        ('bafybeidqts3rbwkprggjojbvcxy4jzpgzgcvs4a73y3gx2jjxphjeerbcy', 200000),
        ('bafybeifsrhq2qtkcgjt4gzi7rkafrv2gaai24ptt6rohe2ebqzydkz47s5', 200000);

INSERT INTO pin (status, content_cid, pin_location_id, inserted_at, updated_at)
VALUES
       ('Pinned', 'bafybeid46f7zggioxjm5p2ze2l6s6wbqvoo4gzbdzfjtdosthmfyxdign4', 1, '2021-07-14T19:27:14.934572+00:00', '2021-07-14T19:27:14.934572+00:00'),
       ('Pinning', 'bafybeig7yvw6a4uhio4pmg5gahyd2xumowkfljdukad7pmdsv5uk5zcseu', 1, '2021-07-14T19:28:14.934572+00:00', '2021-07-14T19:28:14.934572+00:00'),
       ('PinError', 'bafybeia45bscvzxngto555xsel4gwoclb5fxd7zpxige7rl3maoleznswu', 1, '2021-07-14T19:29:14.934572+00:00', '2021-07-14T19:29:14.934572+00:00'),
       ('Pinning', 'bafybeidw7pc6nvm7u4rfhpctac4qgtpmwxapw4duugvsl3ppivvzibdlgy', 1, '2021-07-14T19:30:14.934572+00:00', '2021-07-14T19:30:14.934572+00:00'),
       ('Pinning', 'bafybeidrzt6t4k25qjeasydgi3fyh6ejos5x4d6tk2pdzxkb66bkomezy4', 1, '2021-07-14T19:31:14.934572+00:00', '2021-07-14T19:31:14.934572+00:00'),
       ('Unpinned', 'bafybeifsrhq2qtkcgjt4gzi7rkafrv2gaai24ptt6rohe2ebqzydkz47s5', 1, '2021-07-14T19:32:14.934572+00:00', '2021-07-14T19:32:14.934572+00:00'),
       ('Unpinned', 'bafybeifsrhq2qtkcgjt4gzi7rkafrv2gaai24ptt6rohe2ebqzydkz47s5', 2, '2021-07-14T19:33:14.934572+00:00', '2021-07-14T19:33:14.934572+00:00'),
       ('Pinning', 'bafybeifsrhq2qtkcgjt4gzi7rkafrv2gaai24ptt6rohe2ebqzydkz47sm', 1, '2021-07-14T19:34:14.934572+00:00', '2021-07-14T19:34:14.934572+00:00');

INSERT INTO psa_pin_request (id, auth_key_id, content_cid, source_cid, name, origins, meta, inserted_at, updated_at)
VALUES ('ab62cf3c-c98d-494b-a756-b3a3fb6ddcab', 4, 'bafybeid46f7zggioxjm5p2ze2l6s6wbqvoo4gzbdzfjtdosthmfyxdign4', 'bafybeid46f7zggioxjm5p2ze2l6s6wbqvoo4gzbdzfjtdosthmfyxdign4', 'ReportDoc.pdf', '["/ip6/2606:4700:60::6/tcp/4009/p2p/QmYyQSo1c1Ym7orWxLYvCrM2EmxFTANf8wXmmE7DWjhx5N", "/ip4/172.65.0.13/tcp/4009/p2p/QmYyQSo1c1Ym7orWxLYvCrM2EmxFTANf8wXmmE7DWjhx4N"]', null, '2021-07-14T19:27:14.934572Z', '2021-07-14T19:27:14.934572Z'),
       ('bebd5f62-1381-4124-93a1-1e4eeed52635', 4, 'bafybeig7yvw6a4uhio4pmg5gahyd2xumowkfljdukad7pmdsv5uk5zcseu', 'bafybeig7yvw6a4uhio4pmg5gahyd2xumowkfljdukad7pmdsv5uk5zcseu', 'reportdoc.pdf', null, '{"app_id": "99986338-1113-4706-8302-4420da6158aa"}', '2021-01-01T19:27:14.934572Z', '2021-07-14T19:27:14.934572Z'),
       ('d9670c3b-179c-4799-b4fa-66e2bb82c84f', 4, 'bafybeia45bscvzxngto555xsel4gwoclb5fxd7zpxige7rl3maoleznswu', 'bafybeia45bscvzxngto555xsel4gwoclb5fxd7zpxige7rl3maoleznswu', 'FailedPinning.doc', null, null, '2021-07-14T19:27:14.934572Z', '2021-07-14T19:27:14.934572Z'),
       ('63992f6e-5bbf-4d01-8a69-9e0561c38b04', 4, 'bafybeidw7pc6nvm7u4rfhpctac4qgtpmwxapw4duugvsl3ppivvzibdlgy', 'bafybeidw7pc6nvm7u4rfhpctac4qgtpmwxapw4duugvsl3ppivvzibdlgy', 'Image.jpeg', null, '{"app_id": "99986338-1113-4706-8302-4420da6158bb", "region": "europe", "vendor_policy": "1"}', '2021-07-14T19:27:14.934572Z', '2021-07-14T19:27:14.934572Z'),
       ('3fa630f2-f22c-486f-ad1c-b36d4d740e31', 4, 'bafybeidrzt6t4k25qjeasydgi3fyh6ejos5x4d6tk2pdzxkb66bkomezy4', 'bafybeidrzt6t4k25qjeasydgi3fyh6ejos5x4d6tk2pdzxkb66bkomezy4', 'Image.png', null, '{"app_id": "99986338-1113-4706-8302-4420da6158bb"}', '2021-07-14T19:27:14.934572Z', '2021-07-14T19:27:14.934572Z'),
       ('5c7e7885-7f68-462d-bdfb-3f0abfb367b5', 4, 'bafybeifsrhq2qtkcgjt4gzi7rkafrv2gaai24ptt6rohe2ebqzydkz47sm', 'bafybeifsrhq2qtkcgjt4gzi7rkafrv2gaai24ptt6rohe2ebqzydkz47sm', 'Image.jpg', null, null, '2021-07-20T19:27:14.934572Z', '2021-07-14T19:27:14.934572Z'),
       ('5c7e7885-7f68-462d-bdfb-3f0abfb367b6', 4, 'bafybeifsrhq2qtkcgjt4gzi7rkafrv2gaai24ptt6rohe2ebqzydkz47s5', 'bafybeifsrhq2qtkcgjt4gzi7rkafrv2gaai24ptt6rohe2ebqzydkz47sm', 'Image.jpg', null, null, '2021-07-20T19:27:14.934572Z', '2021-07-14T19:27:14.934572Z'),
       ('f0a0da36-d1ac-4148-84ac-4dc59089f75a', 8, 'bafybeifsrhq2qtkcgjt4gzi7rkafrv2gaai24ptt6rohe2ebqzydkz47s5', 'bafybeifsrhq2qtkcgjt4gzi7rkafrv2gaai24ptt6rohe2ebqzydkz47sm', 'AnotherImage.jpg', null, null, '2021-07-20T19:27:14.934572Z', '2021-07-14T19:27:14.934572Z'),
       ('3a19e48d-d6db-4f36-b686-fb8bc37c9d48', 2, 'bafybeiaqu6ijhfhwzjipwesbqf4myz6uczyigahib5joqbo5jw2xmjczfa', 'bafybeiaqu6ijhfhwzjipwesbqf4myz6uczyigahib5joqbo5jw2xmjczfa', 'Image.jpg', null, null, '2021-07-20T19:27:14.934572Z', '2021-07-14T19:27:14.934572Z'),
       ('9be23b92-918e-44b8-98f4-6043c346fb4e', 2, 'bafybeidqts3rbwkprggjojbvcxy4jzpgzgcvs4a73y3gx2jjxphjeerbcy', 'bafybeidqts3rbwkprggjojbvcxy4jzpgzgcvs4a73y3gx2jjxphjeerbcy', 'Image.jpg', null, null, '2021-07-14T19:27:14.934572Z', '2021-07-14T19:27:14.934572Z'),
       ('aa62cf3c-c98d-494b-a756-b3a3fb6ddcab', 1, 'bafybeid46f7zggioxjm5p2ze2l6s6wbqvoo4gzbdzfjtdosthmfyxdign4', 'bafybeid46f7zggioxjm5p2ze2l6s6wbqvoo4gzbdzfjtdosthmfyxdign4', 'ReportDoc.pdf', '["/ip6/2606:4700:60::6/tcp/4009/p2p/QmYyQSo1c1Ym7orWxLYvCrM2EmxFTANf8wXmmE7DWjhx5N", "/ip4/172.65.0.13/tcp/4009/p2p/QmYyQSo1c1Ym7orWxLYvCrM2EmxFTANf8wXmmE7DWjhx4N"]', null, '2021-07-14T19:27:14.934572Z', '2021-07-14T19:27:14.934572Z')
       ;

-- Cargo source web3.storage source project
INSERT INTO cargo.sources (project, source_label)
VALUES (1, 'web3.storage');
